Stage,Op-Name,Op-Type,Op-Count,Byte-Count,Avg-ResTime,Avg-ProcTime,60%-ResTime,80%-ResTime,90%-ResTime,95%-ResTime,99%-ResTime,100%-ResTime,Throughput,Bandwidth,Succ-Ratio,Status,Detailed Status
s1-init,init-write,init,0,0,N/A,N/A,N/A,N/A,N/A,N/A,N/A,N/A,0,0,N/A,completed,waiting @ 2016-06-17 12:38:36,booting @ 2016-06-17 12:54:32,submitting @ 2016-06-17 12:54:30,authing @ 2016-06-17 12:54:30,launching @ 2016-06-17 12:54:30,running @ 2016-06-17 12:54:30,closing @ 2016-06-17 12:54:35,completed @ 2016-06-17 12:54:35
s2-prepare,prepare-write,prepare,250,1000000,39.93,39.91,40,40,50,50,80,420,24.96,99820.32,100%,completed,waiting @ 2016-06-17 12:38:36,booting @ 2016-06-17 12:54:37,submitting @ 2016-06-17 12:54:35,authing @ 2016-06-17 12:54:35,launching @ 2016-06-17 12:54:35,running @ 2016-06-17 12:54:35,closing @ 2016-06-17 12:54:45,completed @ 2016-06-17 12:54:45
s3-normal,read,read,1605,6420000,3.4,3.18,10,10,10,10,10,20,26.76,107053.53,100%,completed,waiting @ 2016-06-17 12:38:36,booting @ 2016-06-17 12:54:47,submitting @ 2016-06-17 12:54:45,authing @ 2016-06-17 12:54:45,launching @ 2016-06-17 12:54:45,running @ 2016-06-17 12:54:45,closing @ 2016-06-17 12:56:45,completed @ 2016-06-17 12:56:45
s3-normal,write,write,1663,6652000,32.6,32.59,40,40,50,50,60,170,27.73,110922.13,100%,completed,waiting @ 2016-06-17 12:38:36,booting @ 2016-06-17 12:54:47,submitting @ 2016-06-17 12:54:45,authing @ 2016-06-17 12:54:45,launching @ 2016-06-17 12:54:45,running @ 2016-06-17 12:54:45,closing @ 2016-06-17 12:56:45,completed @ 2016-06-17 12:56:45
s4-normal1,read,read,1647,6588000,3.45,3.24,10,10,10,10,10,20,27.45,109807.32,100%,completed,waiting @ 2016-06-17 12:38:36,booting @ 2016-06-17 12:56:47,submitting @ 2016-06-17 12:56:47,authing @ 2016-06-17 12:56:47,launching @ 2016-06-17 12:56:47,running @ 2016-06-17 12:56:47,closing @ 2016-06-17 12:58:47,completed @ 2016-06-17 12:58:47
s4-normal1,write,write,1620,25920000,33.36,33.31,40,40,50,50,70,120,27,432028.8,100%,completed,waiting @ 2016-06-17 12:38:36,booting @ 2016-06-17 12:56:47,submitting @ 2016-06-17 12:56:47,authing @ 2016-06-17 12:56:47,launching @ 2016-06-17 12:56:47,running @ 2016-06-17 12:56:47,closing @ 2016-06-17 12:58:47,completed @ 2016-06-17 12:58:47
s5-normal2,read,read,1558,6232000,3.47,3.25,10,10,10,10,10,20,25.99,103944.63,100%,completed,waiting @ 2016-06-17 12:38:36,booting @ 2016-06-17 12:58:49,submitting @ 2016-06-17 12:58:47,authing @ 2016-06-17 12:58:47,launching @ 2016-06-17 12:58:47,running @ 2016-06-17 12:58:47,closing @ 2016-06-17 13:00:47,completed @ 2016-06-17 13:00:47
s5-normal2,write,write,1582,50624000,34.32,34.22,40,40,50,50,60,120,26.39,844366.61,100%,completed,waiting @ 2016-06-17 12:38:36,booting @ 2016-06-17 12:58:49,submitting @ 2016-06-17 12:58:47,authing @ 2016-06-17 12:58:47,launching @ 2016-06-17 12:58:47,running @ 2016-06-17 12:58:47,closing @ 2016-06-17 13:00:47,completed @ 2016-06-17 13:00:47
s6-normal3,read,read,1652,6608000,3.44,3.24,10,10,10,10,10,20,27.56,110238.06,100%,completed,waiting @ 2016-06-17 12:38:36,booting @ 2016-06-17 13:00:49,submitting @ 2016-06-17 13:00:49,authing @ 2016-06-17 13:00:48,launching @ 2016-06-17 13:00:48,running @ 2016-06-17 13:00:48,closing @ 2016-06-17 13:02:48,completed @ 2016-06-17 13:02:48
s6-normal3,write,write,1533,98112000,35.24,35.01,40,40,50,50,60,170,25.57,1636754.92,100%,completed,waiting @ 2016-06-17 12:38:36,booting @ 2016-06-17 13:00:49,submitting @ 2016-06-17 13:00:49,authing @ 2016-06-17 13:00:48,launching @ 2016-06-17 13:00:48,running @ 2016-06-17 13:00:48,closing @ 2016-06-17 13:02:48,completed @ 2016-06-17 13:02:48
s7-normal4,read,read,1404,5616000,3.47,3.27,10,10,10,10,10,20,23.42,93695.26,100%,completed,waiting @ 2016-06-17 12:38:36,booting @ 2016-06-17 13:02:50,submitting @ 2016-06-17 13:02:48,authing @ 2016-06-17 13:02:48,launching @ 2016-06-17 13:02:48,running @ 2016-06-17 13:02:48,closing @ 2016-06-17 13:04:48,completed @ 2016-06-17 13:04:48
s7-normal4,write,write,1439,184192000,38.12,37.74,40,50,50,60,80,170,24.01,3072990.87,100%,completed,waiting @ 2016-06-17 12:38:36,booting @ 2016-06-17 13:02:50,submitting @ 2016-06-17 13:02:48,authing @ 2016-06-17 13:02:48,launching @ 2016-06-17 13:02:48,running @ 2016-06-17 13:02:48,closing @ 2016-06-17 13:04:48,completed @ 2016-06-17 13:04:48
s8-normal5,read,read,1207,4828000,3.44,3.22,10,10,10,10,10,20,20.12,80494.84,100%,completed,waiting @ 2016-06-17 12:38:36,booting @ 2016-06-17 13:04:50,submitting @ 2016-06-17 13:04:48,authing @ 2016-06-17 13:04:48,launching @ 2016-06-17 13:04:48,running @ 2016-06-17 13:04:48,closing @ 2016-06-17 13:06:48,completed @ 2016-06-17 13:06:48
s8-normal5,write,write,1255,321280000,44.31,43.76,50,50,60,60,110,210,20.92,5356541.46,100%,completed,waiting @ 2016-06-17 12:38:36,booting @ 2016-06-17 13:04:50,submitting @ 2016-06-17 13:04:48,authing @ 2016-06-17 13:04:48,launching @ 2016-06-17 13:04:48,running @ 2016-06-17 13:04:48,closing @ 2016-06-17 13:06:48,completed @ 2016-06-17 13:06:48
s9-normal6,read,read,950,3800000,3.45,3.24,10,10,10,10,10,20,15.84,63358.68,100%,completed,waiting @ 2016-06-17 12:38:36,booting @ 2016-06-17 13:06:50,submitting @ 2016-06-17 13:06:48,authing @ 2016-06-17 13:06:48,launching @ 2016-06-17 13:06:48,running @ 2016-06-17 13:06:48,closing @ 2016-06-17 13:08:48,completed @ 2016-06-17 13:08:48
s9-normal6,write,write,1006,515072000,56.22,55.33,60,60,70,70,150,210,16.77,8587968.52,100%,completed,waiting @ 2016-06-17 12:38:36,booting @ 2016-06-17 13:06:50,submitting @ 2016-06-17 13:06:48,authing @ 2016-06-17 13:06:48,launching @ 2016-06-17 13:06:48,running @ 2016-06-17 13:06:48,closing @ 2016-06-17 13:08:48,completed @ 2016-06-17 13:08:48
s10-normal7,read,read,626,2504000,3.52,3.29,10,10,10,10,10,20,10.46,41825.35,100%,completed,waiting @ 2016-06-17 12:38:36,booting @ 2016-06-17 13:08:50,submitting @ 2016-06-17 13:08:50,authing @ 2016-06-17 13:08:50,launching @ 2016-06-17 13:08:50,running @ 2016-06-17 13:08:50,closing @ 2016-06-17 13:10:50,completed @ 2016-06-17 13:10:50
s10-normal7,write,write,618,618000000,93.17,91.66,90,100,110,150,240,310,10.32,10322709.96,100%,completed,waiting @ 2016-06-17 12:38:36,booting @ 2016-06-17 13:08:50,submitting @ 2016-06-17 13:08:50,authing @ 2016-06-17 13:08:50,launching @ 2016-06-17 13:08:50,running @ 2016-06-17 13:08:50,closing @ 2016-06-17 13:10:50,completed @ 2016-06-17 13:10:50
s11-normal8,read,read,312,1248000,3.93,3.75,10,10,10,10,10,120,5.23,20925.55,100%,completed,waiting @ 2016-06-17 12:38:36,booting @ 2016-06-17 13:10:52,submitting @ 2016-06-17 13:10:50,authing @ 2016-06-17 13:10:50,launching @ 2016-06-17 13:10:50,running @ 2016-06-17 13:10:50,closing @ 2016-06-17 13:12:50,completed @ 2016-06-17 13:12:50
s11-normal8,write,write,297,1188000000,196.51,181.57,180,220,290,390,470,1110,4.98,19919517.1,100%,completed,waiting @ 2016-06-17 12:38:36,booting @ 2016-06-17 13:10:52,submitting @ 2016-06-17 13:10:50,authing @ 2016-06-17 13:10:50,launching @ 2016-06-17 13:10:50,running @ 2016-06-17 13:10:50,closing @ 2016-06-17 13:12:50,completed @ 2016-06-17 13:12:50
s12-normal9,read,read,226,904000,3.64,3.43,10,10,10,10,10,20,3.79,15145.17,100%,completed,waiting @ 2016-06-17 12:38:36,booting @ 2016-06-17 13:12:52,submitting @ 2016-06-17 13:12:52,authing @ 2016-06-17 13:12:51,launching @ 2016-06-17 13:12:51,running @ 2016-06-17 13:12:51,closing @ 2016-06-17 13:14:51,completed @ 2016-06-17 13:14:51
s12-normal9,write,write,211,1688000000,278.81,224.65,280,310,360,400,520,570,3.53,28279917.57,100%,completed,waiting @ 2016-06-17 12:38:36,booting @ 2016-06-17 13:12:52,submitting @ 2016-06-17 13:12:52,authing @ 2016-06-17 13:12:51,launching @ 2016-06-17 13:12:51,running @ 2016-06-17 13:12:51,closing @ 2016-06-17 13:14:51,completed @ 2016-06-17 13:14:51
s13-cleanup,cleanup-delete,cleanup,500,0,39.04,39.04,40,50,50,50,70,230,25.6,0,100%,completed,waiting @ 2016-06-17 12:38:36,booting @ 2016-06-17 13:14:53,submitting @ 2016-06-17 13:14:51,authing @ 2016-06-17 13:14:51,launching @ 2016-06-17 13:14:51,running @ 2016-06-17 13:14:51,closing @ 2016-06-17 13:15:11,completed @ 2016-06-17 13:15:11
s14-dispose,dispose-delete,dispose,0,0,N/A,N/A,N/A,N/A,N/A,N/A,N/A,N/A,0,0,N/A,completed,waiting @ 2016-06-17 12:38:36,booting @ 2016-06-17 13:15:13,submitting @ 2016-06-17 13:15:11,authing @ 2016-06-17 13:15:11,launching @ 2016-06-17 13:15:11,running @ 2016-06-17 13:15:11,closing @ 2016-06-17 13:15:16,completed @ 2016-06-17 13:15:16
